{"cameraMode":{"drawMode":0,"name":"Shaded","section":"Shading Mode"},"sceneLighting":false,"audioPlay":false,"sceneViewState":{"showFog":true,"showMaterialUpdate":false,"showSkybox":true,"showFlares":true,"showImageEffects":true,"showParticleSystems":true},"in2DMode":false,"pivot":{"x":-1.8300000429153443,"y":0.6199999451637268,"z":5.340000152587891},"rotation":{"x":-0.00631116284057498,"y":-0.9934818744659424,"z":0.07046987861394882,"w":-0.08965659141540528},"size":5.111594200134277,"orthographic":false}